Time,Charge,Current
0,0,0
0.01,5.83304e-07,0.000174976
0.02,4.66519e-06,0.000699621
0.03,1.57385e-05,0.00157308
0.04,3.72847e-05,0.00279394
0.05,7.27684e-05,0.00436021
0.06,0.000125631,0.00626934
0.07,0.000199287,0.00851822
0.08,0.000297116,0.0111032
0.09,0.000422458,0.0140201
0.1,0.000578608,0.0172641
0.11,0.000768811,0.0208299
0.12,0.000996259,0.0247117
0.13,0.00126408,0.0289032
0.14,0.00157533,0.0333975
0.15,0.00193301,0.0381871
0.16,0.00234003,0.0432644
0.17,0.00279923,0.0486208
0.18,0.00331335,0.0542476
0.19,0.00388505,0.0601355
0.2,0.0045169,0.0662746
0.21,0.00521135,0.072655
0.22,0.00597076,0.0792659
0.23,0.0067974,0.0860963
0.24,0.00769338,0.0931348
0.25,0.00866075,0.10037
0.26,0.00970139,0.107789
0.27,0.0108171,0.115379
0.28,0.0120095,0.123129
0.29,0.0132802,0.131024
0.3,0.0146304,0.139052
0.31,0.0160616,0.147198
0.32,0.0175747,0.155448
0.33,0.0191708,0.163789
0.34,0.0208508,0.172205
0.35,0.0226152,0.180683
0.36,0.0244646,0.189207
0.37,0.0263994,0.197763
0.38,0.0284199,0.206335
0.39,0.0305261,0.214907
0.4,0.032718,0.223465
0.41,0.0349953,0.231994
0.42,0.0373577,0.240476
0.43,0.0398046,0.248898
0.44,0.0423354,0.257244
0.45,0.0449492,0.265497
0.46,0.047645,0.273642
0.47,0.0504216,0.281665
0.48,0.0532778,0.289548
0.49,0.0562121,0.297278
0.5,0.0592228,0.304839
0.51,0.0623082,0.312215
0.52,0.0654665,0.319392
0.53,0.0686954,0.326355
0.54,0.0719928,0.333089
0.55,0.0753564,0.339581
0.56,0.0787835,0.345815
0.57,0.0822717,0.351777
0.58,0.0858181,0.357456
0.59,0.0894199,0.362836
0.6,0.0930738,0.367905
0.61,0.0967769,0.37265
0.62,0.100526,0.377059
0.63,0.104317,0.38112
0.64,0.108147,0.38482
0.65,0.112012,0.38815
0.66,0.115909,0.391099
0.67,0.119833,0.393654
0.68,0.12378,0.395808
0.69,0.127748,0.39755
0.7,0.13173,0.398872
0.71,0.135724,0.399765
0.72,0.139724,0.40022
0.73,0.143726,0.400231
0.74,0.147727,0.39979
0.75,0.151721,0.398892
0.76,0.155703,0.397529
0.77,0.15967,0.395697
0.78,0.163616,0.393392
0.79,0.167536,0.390608
0.8,0.171426,0.387343
0.81,0.175281,0.383593
0.82,0.179096,0.379356
0.83,0.182867,0.37463
0.84,0.186587,0.369414
0.85,0.190253,0.363708
0.86,0.19386,0.357511
0.87,0.197402,0.350824
0.88,0.200875,0.343648
0.89,0.204273,0.335985
0.9,0.207593,0.327839
0.91,0.210828,0.319211
0.92,0.213975,0.310106
0.93,0.217029,0.300528
0.94,0.219984,0.290482
0.95,0.222837,0.279974
0.96,0.225582,0.26901
0.97,0.228216,0.257596
0.98,0.230733,0.245741
0.99,0.233129,0.233452
1,0.2354,0.220738
1.01,0.237543,0.207607
1.02,0.239551,0.194071
1.03,0.241423,0.180138
1.04,0.243153,0.165821
1.05,0.244738,0.151129
1.06,0.246174,0.136076
1.07,0.247458,0.120674
1.08,0.248586,0.104935
1.09,0.249556,0.0888731
1.1,0.250363,0.0725022
1.11,0.251005,0.0558364
1.12,0.251479,0.0388908
1.13,0.251782,0.0216804
1.14,0.251911,0.00422087
1.15,0.251865,-0.0134717
1.16,0.251641,-0.0313809
1.17,0.251237,-0.0494901
1.18,0.250651,-0.067782
1.19,0.249881,-0.0862393
1.2,0.248926,-0.104844
1.21,0.247784,-0.123579
1.22,0.246454,-0.142425
1.23,0.244935,-0.161364
1.24,0.243226,-0.180376
1.25,0.241327,-0.199445
1.26,0.239237,-0.218549
1.27,0.236956,-0.23767
1.28,0.234484,-0.256788
1.29,0.23182,-0.275884
1.3,0.228966,-0.294939
1.31,0.225922,-0.313932
1.32,0.222688,-0.332844
1.33,0.219265,-0.351655
1.34,0.215655,-0.370346
1.35,0.211859,-0.388896
1.36,0.207878,-0.407286
1.37,0.203714,-0.425497
1.38,0.199369,-0.443508
1.39,0.194844,-0.461302
1.4,0.190143,-0.478857
1.41,0.185268,-0.496156
1.42,0.180221,-0.513179
1.43,0.175005,-0.529907
1.44,0.169624,-0.546323
1.45,0.16408,-0.562408
1.46,0.158377,-0.578143
1.47,0.152518,-0.593512
1.48,0.146508,-0.608496
1.49,0.14035,-0.62308
1.5,0.134048,-0.637245
1.51,0.127606,-0.650977
1.52,0.12103,-0.664258
1.53,0.114323,-0.677074
1.54,0.10749,-0.68941
1.55,0.100536,-0.70125
1.56,0.0934666,-0.712581
1.57,0.0862863,-0.723389
1.58,0.0790006,-0.733661
1.59,0.0716149,-0.743385
1.6,0.0641348,-0.752547
1.61,0.0565659,-0.761137
1.62,0.048914,-0.769144
1.63,0.041185,-0.776556
1.64,0.0333849,-0.783365
1.65,0.0255197,-0.789561
1.66,0.0175957,-0.795136
1.67,0.00961911,-0.800081
1.68,0.00159622,-0.804389
1.69,-0.00646653,-0.808053
1.7,-0.0145627,-0.811068
1.71,-0.0226857,-0.813428
1.72,-0.030829,-0.815128
1.73,-0.038986,-0.816163
1.74,-0.0471501,-0.816532
1.75,-0.0553145,-0.81623
1.76,-0.0634725,-0.815257
1.77,-0.0716173,-0.81361
1.78,-0.0797424,-0.811289
1.79,-0.0878409,-0.808294
1.8,-0.095906,-0.804625
1.81,-0.103931,-0.800286
1.82,-0.11191,-0.795276
1.83,-0.119834,-0.7896
1.84,-0.127699,-0.78326
1.85,-0.135497,-0.776262
1.86,-0.143222,-0.768609
1.87,-0.150867,-0.760309
1.88,-0.158426,-0.751366
1.89,-0.165893,-0.741787
1.9,-0.17326,-0.731582
1.91,-0.180522,-0.720757
1.92,-0.187673,-0.709321
1.93,-0.194707,-0.697285
1.94,-0.201617,-0.684658
1.95,-0.208398,-0.671451
1.96,-0.215044,-0.657676
1.97,-0.22155,-0.643345
1.98,-0.227909,-0.628469
1.99,-0.234117,-0.613064
2,-0.240169,-0.597141
2.01,-0.246058,-0.580715
2.02,-0.251781,-0.563802
2.03,-0.257333,-0.546416
2.04,-0.262708,-0.528573
2.05,-0.267903,-0.510289
2.06,-0.272912,-0.491582
2.07,-0.277733,-0.472468
2.08,-0.282361,-0.452965
2.09,-0.286791,-0.43309
2.1,-0.291021,-0.412863
2.11,-0.295047,-0.392301
2.12,-0.298866,-0.371425
2.13,-0.302475,-0.350253
2.14,-0.30587,-0.328804
2.15,-0.30905,-0.3071
2.16,-0.312011,-0.28516
2.17,-0.314752,-0.263004
2.18,-0.317271,-0.240653
2.19,-0.319565,-0.218129
2.2,-0.321633,-0.195451
2.21,-0.323474,-0.172642
2.22,-0.325085,-0.149722
2.23,-0.326468,-0.126713
2.24,-0.327619,-0.103636
2.25,-0.32854,-0.0805123
2.26,-0.32923,-0.0573641
2.27,-0.329688,-0.0342125
2.28,-0.329914,-0.011079
2.29,-0.329909,0.0120149
2.3,-0.329674,0.0350479
2.31,-0.329209,0.0579988
2.32,-0.328514,0.0808463
2.33,-0.327592,0.103569
2.34,-0.326443,0.126147
2.35,-0.32507,0.14856
2.36,-0.323473,0.170785
2.37,-0.321655,0.192805
2.38,-0.319617,0.214597
2.39,-0.317363,0.236144
2.4,-0.314895,0.257425
2.41,-0.312216,0.278421
2.42,-0.309328,0.299114
2.43,-0.306235,0.319485
2.44,-0.302939,0.339516
2.45,-0.299446,0.35919
2.46,-0.295757,0.378489
2.47,-0.291877,0.397397
2.48,-0.28781,0.415896
2.49,-0.283561,0.433972
2.5,-0.279132,0.451609
2.51,-0.27453,0.468793
2.52,-0.269758,0.485507
2.53,-0.264821,0.50174
2.54,-0.259725,0.517478
2.55,-0.254474,0.532707
2.56,-0.249072,0.547416
2.57,-0.243527,0.561594
2.58,-0.237842,0.575228
2.59,-0.232024,0.58831
2.6,-0.226078,0.600828
2.61,-0.22001,0.612775
2.62,-0.213825,0.624141
2.63,-0.207529,0.634919
2.64,-0.201128,0.645102
2.65,-0.194629,0.654682
2.66,-0.188037,0.663654
2.67,-0.181358,0.672014
2.68,-0.174598,0.679755
2.69,-0.167765,0.686876
2.7,-0.160863,0.693371
2.71,-0.153899,0.69924
2.72,-0.14688,0.704479
2.73,-0.139812,0.709088
2.74,-0.132701,0.713067
2.75,-0.125553,0.716415
2.76,-0.118374,0.719134
2.77,-0.111172,0.721224
2.78,-0.103952,0.722689
2.79,-0.0967203,0.723531
2.8,-0.0894833,0.723754
2.81,-0.0822472,0.723362
2.82,-0.0750181,0.72236
2.83,-0.0678021,0.720752
2.84,-0.0606051,0.718546
2.85,-0.0534331,0.715748
2.86,-0.0462921,0.712366
2.87,-0.0391877,0.708407
2.88,-0.0321258,0.70388
2.89,-0.025112,0.698793
2.9,-0.0181518,0.693158
2.91,-0.0112506,0.686983
2.92,-0.00441388,0.68028
2.93,0.00235324,0.67306
2.94,0.00904563,0.665334
2.95,0.0156583,0.657115
2.96,0.0221863,0.648416
2.97,0.028625,0.63925
2.98,0.0349698,0.629631
2.99,0.0412162,0.619572
3,0.0473598,0.609088
3.01,0.0533966,0.598194
3.02,0.0593224,0.586905
3.03,0.0651334,0.575238
3.04,0.070826,0.563206
3.05,0.0763964,0.550828
3.06,0.0818414,0.538119
3.07,0.0871577,0.525096
3.08,0.0923423,0.511777
3.09,0.0973923,0.498178
3.1,0.102305,0.484316
3.11,0.107078,0.470211
3.12,0.111708,0.455878
3.13,0.116195,0.441337
3.14,0.120535,0.426605
3.15,0.124726,0.411701
3.16,0.128768,0.396642
3.17,0.132659,0.381447
3.18,0.136397,0.366134
3.19,0.139981,0.350722
3.2,0.143411,0.335228
3.21,0.146685,0.319671
3.22,0.149804,0.30407
3.23,0.152767,0.288441
3.24,0.155573,0.272804
3.25,0.158223,0.257176
3.26,0.160716,0.241575
3.27,0.163054,0.226018
3.28,0.165237,0.210522
3.29,0.167265,0.195105
3.3,0.169139,0.179784
3.31,0.170861,0.164576
3.32,0.172431,0.149496
3.33,0.173852,0.134561
3.34,0.175123,0.119786
3.35,0.176248,0.105187
3.36,0.177228,0.0907799
3.37,0.178064,0.0765784
3.38,0.17876,0.0625971
3.39,0.179317,0.0488501
3.4,0.179738,0.0353509
3.41,0.180025,0.0221127
3.42,0.180181,0.00914808
3.43,0.180209,-0.00353065
3.44,0.180111,-0.0159117
3.45,0.179891,-0.0279838
3.46,0.179553,-0.0397362
3.47,0.179098,-0.0511586
3.48,0.178531,-0.0622411
3.49,0.177854,-0.0729746
3.5,0.177072,-0.0833503
3.51,0.176188,-0.0933601
3.52,0.175206,-0.102996
3.53,0.17413,-0.112252
3.54,0.172963,-0.121121
3.55,0.171709,-0.129596
3.56,0.170372,-0.137674
3.57,0.168956,-0.145348
3.58,0.167466,-0.152615
3.59,0.165906,-0.159472
3.6,0.164278,-0.165914
3.61,0.162589,-0.171941
3.62,0.160841,-0.177549
3.63,0.159039,-0.182739
3.64,0.157187,-0.187509
3.65,0.15529,-0.191859
3.66,0.153352,-0.19579
3.67,0.151376,-0.199303
3.68,0.149367,-0.2024
3.69,0.147329,-0.205083
3.7,0.145267,-0.207355
3.71,0.143184,-0.20922
3.72,0.141084,-0.210681
3.73,0.138971,-0.211743
3.74,0.13685,-0.212412
3.75,0.134724,-0.212693
3.76,0.132598,-0.212592
3.77,0.130474,-0.212115
3.78,0.128356,-0.211271
3.79,0.12625,-0.210067
3.8,0.124156,-0.208511
3.81,0.12208,-0.206611
3.82,0.120025,-0.204377
3.83,0.117994,-0.201819
3.84,0.11599,-0.198946
3.85,0.114016,-0.195768
3.86,0.112076,-0.192297
3.87,0.110171,-0.188544
3.88,0.108306,-0.18452
3.89,0.106482,-0.180237
3.9,0.104702,-0.175708
3.91,0.102968,-0.170945
3.92,0.101283,-0.16596
3.93,0.0996497,-0.160767
3.94,0.0980688,-0.155379
3.95,0.0965427,-0.14981
3.96,0.0950731,-0.144074
3.97,0.0936617,-0.138184
3.98,0.0923099,-0.132155
3.99,0.091019,-0.126001
4,0.0897903,-0.119737
4.01,0.0886246,-0.113377
4.02,0.087523,-0.106936
4.03,0.0864861,-0.100429
4.04,0.0855146,-0.0938704
4.05,0.0846088,-0.0872752
4.06,0.0837691,-0.0806584
4.07,0.0829957,-0.0740347
4.08,0.0822884,-0.0674191
4.09,0.0816472,-0.0608264
4.1,0.0810718,-0.0542712
4.11,0.0805616,-0.0477683
4.12,0.0801162,-0.041332
4.13,0.0797347,-0.034977
4.14,0.0794163,-0.0287172
4.15,0.07916,-0.022567
4.16,0.0789646,-0.01654
4.17,0.0788287,-0.0106501
4.18,0.0787511,-0.00491051
4.19,0.07873,0.000665428
4.2,0.0787638,0.00606484
4.21,0.0788507,0.0112751
4.22,0.0789886,0.0162839
4.23,0.0791756,0.0210792
4.24,0.0794095,0.0256493
4.25,0.0796878,0.029983
4.26,0.0800083,0.0340693
4.27,0.0803683,0.0378976
4.28,0.0807653,0.0414578
4.29,0.0811966,0.0447402
4.3,0.0816592,0.0477355
4.31,0.0821503,0.0504347
4.32,0.0826669,0.0528296
4.33,0.0832058,0.0549122
4.34,0.083764,0.0566749
4.35,0.0843383,0.058111
4.36,0.0849252,0.0592139
4.37,0.0855214,0.0599777
4.38,0.0861236,0.060397
4.39,0.0867282,0.0604669
4.4,0.0873317,0.060183
4.41,0.0879306,0.0595415
4.42,0.0885214,0.0585393
4.43,0.0891002,0.0571735
4.44,0.0896636,0.0554421
4.45,0.0902078,0.0533435
4.46,0.0907292,0.0508767
4.47,0.0912241,0.0480412
4.48,0.0916888,0.0448373
4.49,0.0921197,0.0412656
4.5,0.0925129,0.0373275
4.51,0.092865,0.0330248
4.52,0.0931722,0.02836
4.53,0.093431,0.0233361
4.54,0.0936378,0.0179567
4.55,0.093789,0.0122259
4.56,0.0938811,0.0061485
4.57,0.0939108,-0.000270263
4.58,0.0938746,-0.00702456
4.59,0.0937692,-0.014108
4.6,0.0935914,-0.0215137
4.61,0.0933379,-0.0292342
4.62,0.0930057,-0.0372615
4.63,0.0925917,-0.0455872
4.64,0.092093,-0.0542022
4.65,0.0915067,-0.0630971
4.66,0.0908301,-0.072262
4.67,0.0900606,-0.0816865
4.68,0.0891956,-0.0913595
4.69,0.0882326,-0.10127
4.7,0.0871694,-0.111406
4.71,0.0860038,-0.121755
4.72,0.0847336,-0.132305
4.73,0.083357,-0.143043
4.74,0.0818722,-0.153956
4.75,0.0802774,-0.165029
4.76,0.0785711,-0.176249
4.77,0.076752,-0.187602
4.78,0.0748187,-0.199072
4.79,0.0727702,-0.210646
4.8,0.0706055,-0.222307
4.81,0.0683238,-0.23404
4.82,0.0659245,-0.245831
4.83,0.063407,-0.257661
4.84,0.0607712,-0.269517
4.85,0.0580167,-0.281381
4.86,0.0551436,-0.293237
4.87,0.052152,-0.305069
4.88,0.0490423,-0.31686
4.89,0.045815,-0.328593
4.9,0.0424707,-0.340252
4.91,0.0390103,-0.35182
4.92,0.0354347,-0.363279
4.93,0.0317451,-0.374614
4.94,0.0279429,-0.385808
4.95,0.0240295,-0.396843
4.96,0.0200066,-0.407703
4.97,0.0158761,-0.418372
4.98,0.0116399,-0.428833
4.99,0.00730016,-0.439069
5,0.00285928,-0.449066
5.01,-0.0016803,-0.458805
5.02,-0.00631592,-0.468273
5.03,-0.0110448,-0.477453
5.04,-0.015864,-0.486329
5.05,-0.0207703,-0.494888
5.06,-0.0257606,-0.503113
5.07,-0.0308314,-0.510991
5.08,-0.0359792,-0.518507
5.09,-0.0412003,-0.525648
5.1,-0.0464909,-0.532399
5.11,-0.051847,-0.538749
5.12,-0.0572645,-0.544683
5.13,-0.0627392,-0.550191
5.14,-0.0682668,-0.555259
5.15,-0.0738429,-0.559877
5.16,-0.0794628,-0.564033
5.17,-0.085122,-0.567717
5.18,-0.0908156,-0.570919
5.19,-0.0965387,-0.57363
5.2,-0.102286,-0.57584
5.21,-0.108054,-0.577541
5.22,-0.113836,-0.578725
5.23,-0.119627,-0.579385
5.24,-0.125422,-0.579513
5.25,-0.131215,-0.579105
5.26,-0.137002,-0.578153
5.27,-0.142776,-0.576654
5.28,-0.148533,-0.574602
5.29,-0.154266,-0.571994
5.3,-0.159971,-0.568827
5.31,-0.165641,-0.565098
5.32,-0.171271,-0.560805
5.33,-0.176855,-0.555946
5.34,-0.182388,-0.550523
5.35,-0.187864,-0.544533
5.36,-0.193277,-0.537979
5.37,-0.198622,-0.53086
5.38,-0.203892,-0.52318
5.39,-0.209083,-0.514941
5.4,-0.214189,-0.506146
5.41,-0.219204,-0.496799
5.42,-0.224123,-0.486904
5.43,-0.228941,-0.476468
5.44,-0.233651,-0.465495
5.45,-0.238249,-0.453992
5.46,-0.242729,-0.441966
5.47,-0.247086,-0.429426
5.48,-0.251316,-0.416379
5.49,-0.255412,-0.402835
5.5,-0.259371,-0.388802
5.51,-0.263187,-0.374292
5.52,-0.266855,-0.359315
5.53,-0.270372,-0.343882
5.54,-0.273731,-0.328005
5.55,-0.27693,-0.311697
5.56,-0.279964,-0.294971
5.57,-0.282828,-0.27784
5.58,-0.285519,-0.260318
5.59,-0.288033,-0.242421
5.6,-0.290367,-0.224162
5.61,-0.292516,-0.205557
5.62,-0.294477,-0.186623
5.63,-0.296247,-0.167376
5.64,-0.297823,-0.147832
5.65,-0.299203,-0.128009
5.66,-0.300383,-0.107924
5.67,-0.30136,-0.0875951
5.68,-0.302134,-0.067041
5.69,-0.3027,-0.0462801
5.7,-0.303059,-0.0253313
5.71,-0.303207,-0.00421369
5.72,-0.303142,0.0170532
5.73,-0.302865,0.0384496
5.74,-0.302373,0.0599556
5.75,-0.301666,0.0815512
5.76,-0.300742,0.103216
5.77,-0.299601,0.12493
5.78,-0.298243,0.146672
5.79,-0.296668,0.168421
5.8,-0.294875,0.190157
5.81,-0.292865,0.211859
5.82,-0.290638,0.233507
5.83,-0.288195,0.255078
5.84,-0.285536,0.276553
5.85,-0.282664,0.29791
5.86,-0.279579,0.319129
5.87,-0.276282,0.340189
5.88,-0.272776,0.36107
5.89,-0.269061,0.38175
5.9,-0.265141,0.40221
5.91,-0.261018,0.42243
5.92,-0.256694,0.442389
5.93,-0.252171,0.462068
5.94,-0.247453,0.481447
5.95,-0.242543,0.500507
5.96,-0.237444,0.519229
5.97,-0.23216,0.537594
5.98,-0.226694,0.555584
5.99,-0.221049,0.573182
6,-0.215231,0.590369
6.01,-0.209243,0.607128
6.02,-0.20309,0.623442
6.03,-0.196776,0.639296
6.04,-0.190306,0.654672
6.05,-0.183684,0.669556
6.06,-0.176917,0.683932
6.07,-0.170007,0.697786
6.08,-0.162963,0.711104
6.09,-0.155787,0.723873
6.1,-0.148487,0.736079
6.11,-0.141068,0.74771
6.12,-0.133535,0.758755
6.13,-0.125894,0.769201
6.14,-0.118153,0.779039
6.15,-0.110316,0.788259
6.16,-0.10239,0.79685
6.17,-0.0943808,0.804805
6.18,-0.0862957,0.812116
6.19,-0.0781407,0.818774
6.2,-0.0699224,0.824773
6.21,-0.0616475,0.830107
6.22,-0.0533225,0.83477
6.23,-0.0449543,0.838758
6.24,-0.0365496,0.842067
6.25,-0.0281153,0.844692
6.26,-0.0196581,0.846633
6.27,-0.0111849,0.847886
6.28,-0.00270264,0.84845
6.29,0.00578181,0.848325
6.3,0.0142616,0.847511
6.31,0.0227297,0.846008
6.32,0.0311794,0.843819
6.33,0.0396038,0.840945
6.34,0.047996,0.837389
6.35,0.0563493,0.833155
6.36,0.0646569,0.828248
6.37,0.0729121,0.822672
6.38,0.0811081,0.816433
6.39,0.0892385,0.809538
6.4,0.0972967,0.801992
6.41,0.105276,0.793805
6.42,0.113171,0.784985
6.43,0.120974,0.77554
6.44,0.128679,0.76548
6.45,0.136281,0.754815
6.46,0.143774,0.743556
6.47,0.151151,0.731715
6.48,0.158406,0.719303
6.49,0.165535,0.706333
6.5,0.172531,0.692819
6.51,0.179389,0.678774
6.52,0.186105,0.664212
6.53,0.192672,0.649147
6.54,0.199086,0.633596
6.55,0.205342,0.617573
6.56,0.211436,0.601096
6.57,0.217363,0.584179
6.58,0.223118,0.566842
6.59,0.228698,0.549099
6.6,0.234099,0.530971
6.61,0.239316,0.512474
6.62,0.244347,0.493627
6.63,0.249188,0.474449
6.64,0.253835,0.454959
6.65,0.258286,0.435176
6.66,0.262538,0.41512
6.67,0.266588,0.394811
6.68,0.270433,0.374269
6.69,0.274072,0.353514
6.7,0.277503,0.332565
6.71,0.280723,0.311445
6.72,0.283731,0.290174
6.73,0.286526,0.268771
6.74,0.289106,0.247259
6.75,0.291471,0.225658
6.76,0.293619,0.203988
6.77,0.295551,0.182271
6.78,0.297265,0.160528
6.79,0.298761,0.138779
6.8,0.30004,0.117045
6.81,0.301102,0.0953463
6.82,0.301947,0.0737043
6.83,0.302576,0.0521388
6.84,0.30299,0.0306702
6.85,0.30319,0.00931855
6.86,0.303177,-0.0118964
6.87,0.302953,-0.032955
6.88,0.302519,-0.0538378
6.89,0.301877,-0.0745258
6.9,0.301029,-0.0950002
6.91,0.299978,-0.115242
6.92,0.298725,-0.135234
6.93,0.297274,-0.154958
6.94,0.295627,-0.174397
6.95,0.293787,-0.193532
6.96,0.291757,-0.212349
6.97,0.289541,-0.230829
6.98,0.287142,-0.248959
6.99,0.284563,-0.266722
7,0.281809,-0.284103
7.01,0.278882,-0.301089
7.02,0.275788,-0.317665
7.03,0.27253,-0.333818
7.04,0.269113,-0.349535
7.05,0.265541,-0.364804
7.06,0.261819,-0.379613
7.07,0.25795,-0.393951
7.08,0.253941,-0.407807
7.09,0.249796,-0.421172
7.1,0.24552,-0.434037
7.11,0.241117,-0.446391
7.12,0.236593,-0.458228
7.13,0.231954,-0.469539
7.14,0.227204,-0.480318
7.15,0.22235,-0.490558
7.16,0.217395,-0.500255
7.17,0.212346,-0.509402
7.18,0.207209,-0.517996
7.19,0.201988,-0.526032
7.2,0.19669,-0.533509
7.21,0.19132,-0.540423
7.22,0.185884,-0.546772
7.23,0.180386,-0.552557
7.24,0.174834,-0.557775
7.25,0.169233,-0.562428
7.26,0.163588,-0.566516
7.27,0.157904,-0.570041
7.28,0.152189,-0.573005
7.29,0.146446,-0.575411
7.3,0.140682,-0.577262
7.31,0.134903,-0.578562
7.32,0.129113,-0.579316
7.33,0.123318,-0.579529
7.34,0.117524,-0.579206
7.35,0.111736,-0.578355
7.36,0.105959,-0.576983
7.37,0.100198,-0.575096
7.38,0.0944585,-0.572704
7.39,0.0887455,-0.569813
7.4,0.0830638,-0.566435
7.41,0.0774183,-0.562579
7.42,0.0718138,-0.558254
7.43,0.0662548,-0.553471
7.44,0.0607459,-0.548242
7.45,0.0552914,-0.542578
7.46,0.0498957,-0.536492
7.47,0.0445629,-0.529995
7.48,0.0392971,-0.523101
7.49,0.0341022,-0.515822
7.5,0.0289819,-0.508173
7.51,0.0239399,-0.500167
7.52,0.0189797,-0.491819
7.53,0.0141046,-0.483144
7.54,0.00931789,-0.474155
7.55,0.00462253,-0.464869
7.56,2.14481e-05,-0.455301
7.57,-0.0044826,-0.445466
7.58,-0.00888704,-0.435381
7.59,-0.0131894,-0.425061
7.6,-0.0173875,-0.414523
7.61,-0.0214792,-0.403783
7.62,-0.0254626,-0.392857
7.63,-0.0293358,-0.381763
7.64,-0.0330973,-0.370516
7.65,-0.0367457,-0.359134
7.66,-0.0402796,-0.347633
7.67,-0.043698,-0.33603
7.68,-0.0469999,-0.324342
7.69,-0.0501846,-0.312586
7.7,-0.0532515,-0.300779
7.71,-0.0562001,-0.288936
7.72,-0.0590301,-0.277075
7.73,-0.0617416,-0.265212
7.74,-0.0643344,-0.253364
7.75,-0.0668089,-0.241546
7.76,-0.0691655,-0.229775
7.77,-0.0714046,-0.218066
7.78,-0.0735271,-0.206434
7.79,-0.0755336,-0.194897
7.8,-0.0774254,-0.183467
7.81,-0.0792034,-0.172161
7.82,-0.080869,-0.160992
7.83,-0.0824237,-0.149976
7.84,-0.0838691,-0.139125
7.85,-0.0852068,-0.128454
7.86,-0.0864388,-0.117975
7.87,-0.087567,-0.107702
7.88,-0.0885936,-0.0976463
7.89,-0.0895207,-0.0878207
7.9,-0.0903508,-0.0782366
7.91,-0.0910863,-0.0689052
7.92,-0.0917298,-0.0598371
7.93,-0.092284,-0.0510426
7.94,-0.0927516,-0.0425315
7.95,-0.0931356,-0.0343131
7.96,-0.0934388,-0.0263962
7.97,-0.0936645,-0.0187891
7.98,-0.0938157,-0.0114995
7.99,-0.0938956,-0.00453476
8,-0.0939075,0.00209847
8.01,-0.0938547,0.00839399
8.02,-0.0937408,0.0143462
8.03,-0.093569,0.01995
8.04,-0.0933429,0.0252008
8.05,-0.0930662,0.0300948
8.06,-0.0927422,0.0346285
8.07,-0.0923748,0.0387991
8.08,-0.0919675,0.0426044
8.09,-0.0915239,0.0460427
8.1,-0.0910478,0.0491129
8.11,-0.0905429,0.0518146
8.12,-0.0900128,0.0541477
8.13,-0.0894612,0.0561129
8.14,-0.0888917,0.0577114
8.15,-0.0883082,0.0589449
8.16,-0.0877141,0.0598159
8.17,-0.087113,0.0603272
8.18,-0.0865087,0.0604822
8.19,-0.0859046,0.060285
8.2,-0.0853042,0.0597401
8.21,-0.0847109,0.0588526
8.22,-0.0841282,0.057628
8.23,-0.0835595,0.0560726
8.24,-0.0830079,0.0541929
8.25,-0.0824766,0.0519961
8.26,-0.081969,0.0494898
8.27,-0.0814879,0.0466822
8.28,-0.0810363,0.0435816
8.29,-0.0806172,0.0401973
8.3,-0.0802333,0.0365386
8.31,-0.0798873,0.0326155
8.32,-0.0795818,0.0284382
8.33,-0.0793193,0.0240174
8.34,-0.0791022,0.0193642
8.35,-0.0789328,0.0144901
8.36,-0.0788131,0.00940679
8.37,-0.0787453,0.00412644
8.38,-0.0787312,-0.00133852
8.39,-0.0787726,-0.00697535
8.4,-0.0788712,-0.012771
8.41,-0.0790285,-0.0187123
8.42,-0.0792459,-0.0247856
8.43,-0.0795247,-0.0309772
8.44,-0.0798658,-0.0372731
8.45,-0.0802704,-0.0436593
8.46,-0.0807393,-0.0501214
8.47,-0.0812731,-0.056645
8.48,-0.0818723,-0.0632155
8.49,-0.0825375,-0.0698183
8.5,-0.0832687,-0.0764385
8.51,-0.0840662,-0.0830614
8.52,-0.0849299,-0.0896721
8.53,-0.0858596,-0.0962557
8.54,-0.0868549,-0.102797
8.55,-0.0879154,-0.109282
8.56,-0.0890403,-0.115695
8.57,-0.090229,-0.122022
8.58,-0.0914804,-0.128248
8.59,-0.0927936,-0.134358
8.6,-0.0941672,-0.140338
8.61,-0.0955998,-0.146174
8.62,-0.0970901,-0.151851
8.63,-0.0986363,-0.157356
8.64,-0.100237,-0.162675
8.65,-0.101889,-0.167794
8.66,-0.103592,-0.1727
8.67,-0.105342,-0.17738
8.68,-0.107139,-0.181821
8.69,-0.108978,-0.186011
8.7,-0.110858,-0.189938
8.71,-0.112776,-0.19359
8.72,-0.114729,-0.196956
8.73,-0.116714,-0.200024
8.74,-0.118728,-0.202784
8.75,-0.120769,-0.205226
8.76,-0.122832,-0.20734
8.77,-0.124914,-0.209116
8.78,-0.127013,-0.210545
8.79,-0.129124,-0.21162
8.8,-0.131244,-0.212331
8.81,-0.133369,-0.212672
8.82,-0.135496,-0.212635
8.83,-0.137621,-0.212214
8.84,-0.139739,-0.211403
8.85,-0.141847,-0.210197
8.86,-0.143942,-0.20859
8.87,-0.146018,-0.206577
8.88,-0.148072,-0.204157
8.89,-0.1501,-0.201324
8.9,-0.152097,-0.198076
8.91,-0.15406,-0.194411
8.92,-0.155984,-0.190328
8.93,-0.157865,-0.185826
8.94,-0.159699,-0.180904
8.95,-0.161482,-0.175562
8.96,-0.163209,-0.169802
8.97,-0.164876,-0.163624
8.98,-0.16648,-0.157031
8.99,-0.168016,-0.150025
9,-0.169479,-0.14261
9.01,-0.170866,-0.134788
9.02,-0.172173,-0.126566
9.03,-0.173396,-0.117947
9.04,-0.174531,-0.108937
9.05,-0.175574,-0.0995426
9.06,-0.176521,-0.08977
9.07,-0.177368,-0.0796264
9.08,-0.178112,-0.0691199
9.09,-0.178749,-0.0582587
9.1,-0.179276,-0.0470517
9.11,-0.179689,-0.0355084
9.12,-0.179985,-0.0236388
9.13,-0.180161,-0.0114533
9.14,-0.180213,0.00103717
9.15,-0.180139,0.013821
9.16,-0.179936,0.0268864
9.17,-0.179601,0.0402208
9.18,-0.179131,0.0538115
9.19,-0.178523,0.0676451
9.2,-0.177777,0.081708
9.21,-0.176889,0.0959859
9.22,-0.175857,0.110464
9.23,-0.174679,0.125129
9.24,-0.173353,0.139963
9.25,-0.171879,0.154953
9.26,-0.170254,0.170082
9.27,-0.168477,0.185333
9.28,-0.166547,0.200691
9.29,-0.164463,0.216138
9.3,-0.162224,0.231658
9.31,-0.159829,0.247233
9.32,-0.157279,0.262846
9.33,-0.154572,0.278479
9.34,-0.151709,0.294115
9.35,-0.14869,0.309736
9.36,-0.145515,0.325324
9.37,-0.142184,0.340859
9.38,-0.138698,0.356326
9.39,-0.135058,0.371704
9.4,-0.131264,0.386976
9.41,-0.127319,0.402124
9.42,-0.123222,0.417129
9.43,-0.118977,0.431973
9.44,-0.114583,0.446638
9.45,-0.110044,0.461105
9.46,-0.105362,0.475357
9.47,-0.100538,0.489376
9.48,-0.0955752,0.503144
9.49,-0.090476,0.516644
9.5,-0.0852433,0.529858
9.51,-0.0798799,0.542769
9.52,-0.074389,0.55536
9.53,-0.0687738,0.567614
9.54,-0.0630379,0.579515
9.55,-0.0571848,0.591047
9.56,-0.0512182,0.602194
9.57,-0.0451422,0.612941
9.58,-0.0389608,0.623272
9.59,-0.0326782,0.633174
9.6,-0.0262988,0.64263
9.61,-0.0198271,0.651628
9.62,-0.0132678,0.660154
9.63,-0.00662565,0.668195
9.64,9.44469e-05,0.675739
9.65,0.00688744,0.682773
9.66,0.0137482,0.689286
9.67,0.0206714,0.695266
9.68,0.0276517,0.700703
9.69,0.0346836,0.705588
9.7,0.0417616,0.70991
9.71,0.0488799,0.713661
9.72,0.0560328,0.716832
9.73,0.0632146,0.719416
9.74,0.0704192,0.721405
9.75,0.0776407,0.722794
9.76,0.084873,0.723575
9.77,0.0921101,0.723745
9.78,0.0993459,0.723298
9.79,0.106574,0.72223
9.8,0.113788,0.720538
9.81,0.120983,0.71822
9.82,0.128151,0.715273
9.83,0.135286,0.711696
9.84,0.142382,0.707488
9.85,0.149434,0.70265
9.86,0.156433,0.697182
9.87,0.163375,0.691086
9.88,0.170253,0.684363
9.89,0.17706,0.677017
9.9,0.183791,0.669051
9.91,0.190439,0.660468
9.92,0.196999,0.651275
9.93,0.203463,0.641475
9.94,0.209826,0.631076
9.95,0.216082,0.620084
9.96,0.222226,0.608506
9.97,0.228251,0.596351
9.98,0.234151,0.583627
9.99,0.239921,0.570343
10,0.245556,0.55651
10.01,0.25105,0.542139
10.02,0.256397,0.527239
10.03,0.261593,0.511824
10.04,0.266632,0.495905
10.05,0.271509,0.479496
10.06,0.27622,0.46261
10.07,0.28076,0.44526
10.08,0.285124,0.427462
10.09,0.289308,0.40923
10.1,0.293307,0.390581
10.11,0.297118,0.371529
10.12,0.300736,0.352092
10.13,0.304159,0.332287
10.14,0.307381,0.31213
10.15,0.3104,0.29164
10.16,0.313213,0.270835
10.17,0.315816,0.249733
10.18,0.318206,0.228354
10.19,0.320382,0.206715
10.2,0.32234,0.184838
10.21,0.324078,0.162742
10.22,0.325594,0.140446
10.23,0.326886,0.117971
10.24,0.327953,0.095338
10.25,0.328793,0.0725673
10.26,0.329404,0.0496798
10.27,0.329786,0.0266967
10.28,0.329938,0.00363914
10.29,0.329859,-0.0194716
10.3,0.329548,-0.0426141
10.31,0.329006,-0.065767
10.32,0.328233,-0.0889087
10.33,0.327228,-0.112018
10.34,0.325993,-0.135073
10.35,0.324527,-0.158052
10.36,0.322832,-0.180934
10.37,0.320909,-0.203698
10.38,0.318758,-0.226323
10.39,0.316383,-0.248787
10.4,0.313783,-0.271069
10.41,0.310962,-0.293149
10.42,0.307921,-0.315006
10.43,0.304663,-0.33662
10.44,0.30119,-0.35797
10.45,0.297504,-0.379037
10.46,0.29361,-0.399801
10.47,0.289509,-0.420244
10.48,0.285206,-0.440345
10.49,0.280704,-0.460087
10.5,0.276006,-0.479451
10.51,0.271116,-0.49842
10.52,0.266039,-0.516975
10.53,0.260778,-0.535101
10.54,0.255338,-0.552779
10.55,0.249724,-0.569996
10.56,0.24394,-0.586734
10.57,0.237991,-0.602979
10.58,0.231882,-0.618715
10.59,0.225618,-0.63393
10.6,0.219205,-0.64861
10.61,0.212648,-0.662741
10.62,0.205952,-0.676311
10.63,0.199124,-0.689308
10.64,0.192168,-0.701722
10.65,0.185091,-0.713541
10.66,0.177899,-0.724756
10.67,0.170598,-0.735358
10.68,0.163194,-0.745337
10.69,0.155693,-0.754685
10.7,0.148102,-0.763396
10.71,0.140428,-0.771462
10.72,0.132675,-0.778878
10.73,0.124852,-0.785638
10.74,0.116965,-0.791737
10.75,0.10902,-0.797171
10.76,0.101024,-0.801938
10.77,0.0929831,-0.806035
10.78,0.0849051,-0.809459
10.79,0.0767962,-0.812209
10.8,0.0686632,-0.814285
10.81,0.0605127,-0.815688
10.82,0.0523517,-0.816417
10.83,0.0441866,-0.816476
10.84,0.0360244,-0.815865
10.85,0.0278716,-0.814587
10.86,0.0197348,-0.812648
10.87,0.0116208,-0.81005
10.88,0.00353603,-0.806798
10.89,-0.004513,-0.8029
10.9,-0.0125198,-0.798359
10.91,-0.0204781,-0.793185
10.92,-0.0283814,-0.787384
10.93,-0.0362237,-0.780964
10.94,-0.0439987,-0.773935
10.95,-0.0517004,-0.766306
10.96,-0.0593228,-0.758086
10.97,-0.0668602,-0.749287
10.98,-0.0743067,-0.73992
10.99,-0.0816567,-0.729996
11,-0.0889048,-0.719528
11.01,-0.0960455,-0.708529
11.02,-0.103074,-0.697011
11.03,-0.109984,-0.684989
11.04,-0.116772,-0.672478
11.05,-0.123432,-0.659491
11.06,-0.12996,-0.646044
11.07,-0.136351,-0.632153
11.08,-0.142602,-0.617834
11.09,-0.148707,-0.603103
11.1,-0.154662,-0.587977
11.11,-0.160465,-0.572473
11.12,-0.166111,-0.556609
11.13,-0.171596,-0.540402
11.14,-0.176918,-0.523871
11.15,-0.182072,-0.507034
11.16,-0.187057,-0.489908
11.17,-0.19187,-0.472514
11.18,-0.196507,-0.45487
11.19,-0.200966,-0.436996
11.2,-0.205246,-0.418909
11.21,-0.209344,-0.400631
11.22,-0.213258,-0.382181
11.23,-0.216987,-0.363577
11.24,-0.220529,-0.344841
11.25,-0.223883,-0.325991
11.26,-0.227049,-0.307047
11.27,-0.230024,-0.288029
11.28,-0.232809,-0.268957
11.29,-0.235403,-0.249851
11.3,-0.237806,-0.230729
11.31,-0.240018,-0.211612
11.32,-0.242038,-0.192519
11.33,-0.243868,-0.173469
11.34,-0.245508,-0.15448
11.35,-0.246958,-0.135573
11.36,-0.24822,-0.116765
11.37,-0.249294,-0.0980759
11.38,-0.250182,-0.0795224
11.39,-0.250885,-0.0611231
11.4,-0.251405,-0.0428955
11.41,-0.251743,-0.024857
11.42,-0.251903,-0.00702445
11.43,-0.251885,0.0105854
11.44,-0.251692,0.0279563
11.45,-0.251326,0.0450725
11.46,-0.250791,0.0619183
11.47,-0.250089,0.0784787
11.48,-0.249223,0.0947391
11.49,-0.248195,0.110685
11.5,-0.24701,0.126304
11.51,-0.24567,0.141581
11.52,-0.24418,0.156504
11.53,-0.242541,0.171061
11.54,-0.24076,0.18524
11.55,-0.238838,0.19903
11.56,-0.23678,0.21242
11.57,-0.234591,0.225401
11.58,-0.232274,0.237962
11.59,-0.229833,0.250094
11.6,-0.227273,0.26179
11.61,-0.224599,0.273041
11.62,-0.221814,0.283841
11.63,-0.218923,0.294182
11.64,-0.215932,0.304059
11.65,-0.212844,0.313465
11.66,-0.209664,0.322398
11.67,-0.206397,0.330851
11.68,-0.203049,0.338823
11.69,-0.199623,0.346309
11.7,-0.196124,0.353307
11.71,-0.192558,0.359816
11.72,-0.188929,0.365836
11.73,-0.185243,0.371364
11.74,-0.181504,0.376402
11.75,-0.177717,0.38095
11.76,-0.173886,0.38501
11.77,-0.170018,0.388584
11.78,-0.166116,0.391674
11.79,-0.162186,0.394284
11.8,-0.158232,0.396417
11.81,-0.154259,0.398078
11.82,-0.150272,0.399271
11.83,-0.146276,0.400003
11.84,-0.142274,0.400279
11.85,-0.138271,0.400106
11.86,-0.134273,0.399491
11.87,-0.130283,0.398442
11.88,-0.126306,0.396966
11.89,-0.122345,0.395074
11.9,-0.118406,0.392773
11.91,-0.114491,0.390073
11.92,-0.110605,0.386986
11.93,-0.106753,0.38352
11.94,-0.102936,0.379687
11.95,-0.09916,0.375498
11.96,-0.0954274,0.370966
11.97,-0.0917418,0.366102
11.98,-0.0881065,0.360918
11.99,-0.0845245,0.355429
12,-0.0809989,0.349646
12.01,-0.0775325,0.343583
12.02,-0.0741281,0.337254
12.03,-0.0707883,0.330673
12.04,-0.0675154,0.323854
12.05,-0.0643119,0.316811
12.06,-0.0611799,0.30956
12.07,-0.0581214,0.302115
12.08,-0.0551382,0.294491
12.09,-0.0522321,0.286704
12.1,-0.0494046,0.278768
12.11,-0.0466572,0.270699
12.12,-0.043991,0.262513
12.13,-0.0414072,0.254225
12.14,-0.0389068,0.24585
12.15,-0.0364905,0.237404
12.16,-0.0341589,0.228903
12.17,-0.0319126,0.220362
12.18,-0.0297518,0.211797
12.19,-0.0276767,0.203223
12.2,-0.0256873,0.194655
12.21,-0.0237835,0.186109
12.22,-0.021965,0.1776
12.23,-0.0202313,0.169143
12.24,-0.0185819,0.160752
12.25,-0.017016,0.152443
12.26,-0.0155327,0.144228
12.27,-0.0141311,0.136124
12.28,-0.0128098,0.128143
12.29,-0.0115678,0.120299
12.3,-0.0104034,0.112605
12.31,-0.0093151,0.105076
12.32,-0.00830126,0.097722
12.33,-0.00736003,0.090557
12.34,-0.00648945,0.0835926
12.35,-0.00568747,0.0768406
12.36,-0.0049519,0.0703121
12.37,-0.00428044,0.0640181
12.38,-0.00367072,0.057969
12.39,-0.00312022,0.0521748
12.4,-0.00262634,0.046645
12.41,-0.0021864,0.0413889
12.42,-0.00179762,0.0364151
12.43,-0.00145713,0.0317318
12.44,-0.00116199,0.0273466
12.45,-0.000909183,0.0232667
12.46,-0.000695618,0.0194989
12.47,-0.000518145,0.0160492
12.48,-0.000373554,0.0129234
12.49,-0.000258581,0.0101264
12.5,-0.000169914,0.00766297
12.51,-0.000104197,0.005537
12.52,-5.8038e-05,0.00375197
12.53,-2.80119e-05,0.0023108
12.54,-1.06682e-05,0.00121583
12.55,-2.53563e-06,0.000468832
12.56,-1.27841e-07,7.10256e-05
12.57,5.07713e-08,2.30566e-05
12.58,1.49944e-06,0.000325003
12.59,7.71534e-06,0.000976374
12.6,2.21879e-05,0.00197611
12.61,4.83931e-05,0.00332259
12.62,8.97879e-05,0.00501362
12.63,0.000149805,0.00704645
12.64,0.000231845,0.00941777
12.65,0.000339275,0.0121237
12.66,0.00047542,0.0151599
12.67,0.000643557,0.0185213
12.68,0.000846912,0.0222025
12.69,0.00108865,0.0261975
12.7,0.00137189,0.0304997
12.71,0.00169965,0.0351021
12.72,0.0020749,0.039997
12.73,0.00250054,0.0451766
12.74,0.00297935,0.0506322
12.75,0.00351407,0.0563548
12.76,0.00410731,0.0623351
12.77,0.0047616,0.068563
12.78,0.00547936,0.0750282
12.79,0.00626292,0.0817201
12.8,0.00711448,0.0886274
12.81,0.00803614,0.0957386
12.82,0.00902989,0.103042
12.83,0.0100976,0.110524
12.84,0.0112409,0.118174
12.85,0.0124616,0.125978
12.86,0.013761,0.133923
12.87,0.0151405,0.141995
12.88,0.0166013,0.150181
12.89,0.0181444,0.158466
12.9,0.0197708,0.166836
12.91,0.0214814,0.175276
12.92,0.0232766,0.183772
12.93,0.0251569,0.19231
12.94,0.0271228,0.200873
12.95,0.0291744,0.209447
12.96,0.0313117,0.218016
12.97,0.0335347,0.226565
12.98,0.0358429,0.235078
12.99,0.0382361,0.243541
13,0.0407135,0.251937
13.01,0.0432745,0.26025
13.02,0.0459182,0.268466
13.03,0.0486435,0.276569
13.04,0.0514491,0.284543
13.05,0.0543339,0.292372
13.06,0.0572961,0.300042
13.07,0.0603341,0.307538
13.08,0.0634462,0.314844
13.09,0.0666303,0.321945
13.1,0.0698844,0.328826
13.11,0.0732061,0.335474
13.12,0.076593,0.341874
13.13,0.0800426,0.348011
13.14,0.0835523,0.353872
13.15,0.0871191,0.359443
13.16,0.0907402,0.364712
13.17,0.0944123,0.369665
13.18,0.0981324,0.374289
13.19,0.101897,0.378573
13.2,0.105703,0.382505
13.21,0.109546,0.386072
13.22,0.113423,0.389265
13.23,0.11733,0.392072
13.24,0.121263,0.394483
13.25,0.125218,0.396489
13.26,0.129191,0.398079
13.27,0.133178,0.399246
13.28,0.137175,0.399981
13.29,0.141176,0.400276
13.3,0.145179,0.400123
13.31,0.149177,0.399517
13.32,0.153168,0.398451
13.33,0.157145,0.396919
13.34,0.161104,0.394916
13.35,0.165042,0.392437
13.36,0.168952,0.389479
13.37,0.17283,0.386038
13.38,0.176671,0.382112
13.39,0.18047,0.377697
13.4,0.184223,0.372794
13.41,0.187924,0.3674
13.42,0.191569,0.361515
13.43,0.195153,0.35514
13.44,0.198671,0.348276
13.45,0.202117,0.340923
13.46,0.205487,0.333084
13.47,0.208777,0.324763
13.48,0.211981,0.315961
13.49,0.215095,0.306684
13.5,0.218113,0.296936
13.51,0.221032,0.286721
13.52,0.223846,0.276047
13.53,0.226551,0.264919
13.54,0.229143,0.253344
13.55,0.231617,0.24133
13.56,0.233968,0.228886
13.57,0.236193,0.21602
13.58,0.238287,0.202741
13.59,0.240247,0.189059
13.6,0.242067,0.174986
13.61,0.243745,0.160531
13.62,0.245276,0.145707
13.63,0.246658,0.130526
13.64,0.247886,0.115
13.65,0.248957,0.0991421
13.66,0.249868,0.0829664
13.67,0.250615,0.0664868
13.68,0.251196,0.0497177
13.69,0.251609,0.0326742
13.7,0.251849,0.0153716
13.71,0.251915,-0.0021744
13.72,0.251805,-0.0199475
13.73,0.251516,-0.0379313
13.74,0.251045,-0.0561087
13.75,0.250393,-0.0744627
13.76,0.249556,-0.0929757
13.77,0.248533,-0.11163
13.78,0.247323,-0.130407
13.79,0.245924,-0.149289
13.8,0.244337,-0.168257
13.81,0.242559,-0.187292
13.82,0.240591,-0.206375
13.83,0.238431,-0.225487
13.84,0.236081,-0.24461
13.85,0.233539,-0.263722
13.86,0.230807,-0.282806
13.87,0.227883,-0.30184
13.88,0.22477,-0.320806
13.89,0.221467,-0.339684
13.9,0.217977,-0.358453
13.91,0.214299,-0.377095
13.92,0.210435,-0.39559
13.93,0.206388,-0.413917
13.94,0.202157,-0.432058
13.95,0.197747,-0.449993
13.96,0.193158,-0.467702
13.97,0.188394,-0.485166
13.98,0.183456,-0.502367
13.99,0.178347,-0.519285
14,0.173071,-0.535902
14.01,0.16763,-0.5522
14.02,0.162028,-0.56816
14.03,0.156268,-0.583764
14.04,0.150354,-0.598995
14.05,0.14429,-0.613836
14.06,0.138079,-0.62827
14.07,0.131726,-0.64228
14.08,0.125235,-0.65585
14.09,0.11861,-0.668964
14.1,0.111857,-0.681608
14.11,0.10498,-0.693765
14.12,0.0979835,-0.705422
14.13,0.0908731,-0.716565
14.14,0.0836539,-0.72718
14.15,0.0763313,-0.737254
14.16,0.0689107,-0.746775
14.17,0.0613977,-0.755731
14.18,0.053798,-0.764111
14.19,0.0461174,-0.771903
14.2,0.0383619,-0.779098
14.21,0.0305375,-0.785685
14.22,0.0226503,-0.791657
14.23,0.0147064,-0.797004
14.24,0.00671229,-0.801718
14.25,-0.00132581,-0.805794
14.26,-0.00940144,-0.809223
14.27,-0.0175081,-0.812001
14.28,-0.0256393,-0.814121
14.29,-0.0337883,-0.815581
14.3,-0.0419487,-0.816374
14.31,-0.0501136,-0.8165
14.32,-0.0582764,-0.815955
14.33,-0.0664304,-0.814737
14.34,-0.0745689,-0.812845
14.35,-0.0826851,-0.81028
14.36,-0.0907723,-0.80704
14.37,-0.0988237,-0.803128
14.38,-0.106833,-0.798545
14.39,-0.114792,-0.793293
14.4,-0.122696,-0.787375
14.41,-0.130538,-0.780796
14.42,-0.13831,-0.77356
14.43,-0.146007,-0.765671
14.44,-0.153621,-0.757137
14.45,-0.161147,-0.747962
14.46,-0.168578,-0.738155
14.47,-0.175908,-0.727724
14.48,-0.183131,-0.716676
14.49,-0.19024,-0.705022
14.5,-0.197229,-0.69277
14.51,-0.204093,-0.679931
14.52,-0.210826,-0.666517
14.53,-0.217422,-0.652538
14.54,-0.223875,-0.638008
14.55,-0.23018,-0.622939
14.56,-0.236332,-0.607344
14.57,-0.242325,-0.591237
14.58,-0.248155,-0.574632
14.59,-0.253816,-0.557545
14.6,-0.259304,-0.539992
14.61,-0.264615,-0.521987
14.62,-0.269743,-0.503548
14.63,-0.274684,-0.484691
14.64,-0.279435,-0.465433
14.65,-0.283992,-0.445793
14.66,-0.28835,-0.425789
14.67,-0.292506,-0.405438
14.68,-0.296457,-0.38476
14.69,-0.3002,-0.363774
14.7,-0.303732,-0.342499
14.71,-0.307049,-0.320956
14.72,-0.31015,-0.299163
14.73,-0.313032,-0.277142
14.74,-0.315692,-0.254914
14.75,-0.31813,-0.232497
14.76,-0.320342,-0.209915
14.77,-0.322327,-0.187187
14.78,-0.324085,-0.164335
14.79,-0.325614,-0.14138
14.8,-0.326912,-0.118344
14.81,-0.32798,-0.0952475
14.82,-0.328817,-0.0721126
14.83,-0.329423,-0.0489607
14.84,-0.329796,-0.0258132
14.85,-0.329939,-0.00269158
14.86,-0.32985,0.0203827
14.87,-0.329532,0.0433883
14.88,-0.328983,0.0663041
14.89,-0.328206,0.0891089
14.9,-0.327201,0.111782
14.91,-0.325971,0.134302
14.92,-0.324516,0.156649
14.93,-0.322838,0.178802
14.94,-0.32094,0.200741
14.95,-0.318824,0.222447
14.96,-0.316492,0.2439
14.97,-0.313947,0.265079
14.98,-0.311192,0.285968
14.99,-0.308229,0.306546
15,-0.305062,0.326796
15.01,-0.301694,0.346699
15.02,-0.298129,0.366239
15.03,-0.294371,0.385398
15.04,-0.290423,0.404159
15.05,-0.286289,0.422507
15.06,-0.281974,0.440425
15.07,-0.277482,0.457899
15.08,-0.272817,0.474914
15.09,-0.267985,0.491455
15.1,-0.26299,0.50751
15.11,-0.257837,0.523065
15.12,-0.25253,0.538106
15.13,-0.247076,0.552624
15.14,-0.24148,0.566606
15.15,-0.235746,0.580041
15.16,-0.229881,0.592919
15.17,-0.223889,0.605231
15.18,-0.217778,0.616968
15.19,-0.211552,0.628121
15.2,-0.205217,0.638684
15.21,-0.19878,0.648649
15.22,-0.192247,0.658009
15.23,-0.185622,0.666759
15.24,-0.178913,0.674895
15.25,-0.172126,0.682412
15.26,-0.165267,0.689306
15.27,-0.158342,0.695574
15.28,-0.151358,0.701214
15.29,-0.14432,0.706225
15.3,-0.137235,0.710605
15.31,-0.13011,0.714355
15.32,-0.12295,0.717474
15.33,-0.115763,0.719965
15.34,-0.108553,0.721828
15.35,-0.101328,0.723067
15.36,-0.094094,0.723684
15.37,-0.0868566,0.723683
15.38,-0.0796224,0.723069
15.39,-0.0723973,0.721846
15.4,-0.0651875,0.720021
15.41,-0.0579989,0.717599
15.42,-0.0508375,0.714588
15.43,-0.0437091,0.710995
15.44,-0.0366195,0.706829
15.45,-0.0295744,0.702098
15.46,-0.0225794,0.696811
15.47,-0.01564,0.690978
15.48,-0.00876157,0.684611
15.49,-0.00194949,0.677719
15.5,0.00479109,0.670313
15.51,0.0114551,0.662407
15.52,0.0180376,0.654013
15.53,0.0245338,0.645143
15.54,0.0309389,0.635811
15.55,0.0372485,0.62603
15.56,0.0434581,0.615815
15.57,0.0495634,0.605181
15.58,0.0555604,0.594142
15.59,0.0614449,0.582714
15.6,0.0672134,0.570912
15.61,0.072862,0.558753
15.62,0.0783873,0.546253
15.63,0.083786,0.533428
15.64,0.0890548,0.520296
15.65,0.0941909,0.506872
15.66,0.0991914,0.493176
15.67,0.104054,0.479224
15.68,0.108775,0.465034
15.69,0.113354,0.450624
15.7,0.117787,0.436011
15.71,0.122073,0.421215
15.72,0.126211,0.406252
15.73,0.130198,0.391142
15.74,0.134033,0.375902
15.75,0.137715,0.360551
15.76,0.141244,0.345107
15.77,0.144617,0.329588
15.78,0.147835,0.314013
15.79,0.150897,0.2984
15.8,0.153803,0.282766
15.81,0.156553,0.26713
15.82,0.159146,0.25151
15.83,0.161583,0.235922
15.84,0.163864,0.220386
15.85,0.165991,0.204917
15.86,0.167963,0.189533
15.87,0.169782,0.174251
15.88,0.171449,0.159087
15.89,0.172964,0.144058
15.9,0.17433,0.129179
15.91,0.175548,0.114466
15.92,0.17662,0.0999354
15.93,0.177548,0.0856011
15.94,0.178333,0.0714778
15.95,0.178978,0.05758
15.96,0.179485,0.0439214
15.97,0.179857,0.0305154
15.98,0.180096,0.017375
15.99,0.180206,0.00451278
16,0.180188,-0.00805925
16.01,0.180045,-0.0203295
16.02,0.179782,-0.0322868
16.03,0.179401,-0.0439205
16.04,0.178905,-0.0552206
16.05,0.178298,-0.0661775
16.06,0.177582,-0.0767822
16.07,0.176763,-0.087026
16.08,0.175843,-0.0969011
16.09,0.174826,-0.1064
16.1,0.173716,-0.115516
16.11,0.172517,-0.124243
16.12,0.171233,-0.132574
16.13,0.169867,-0.140506
16.14,0.168424,-0.148033
16.15,0.166908,-0.155151
16.16,0.165322,-0.161858
16.17,0.163672,-0.16815
16.18,0.161961,-0.174025
16.19,0.160193,-0.179481
16.2,0.158373,-0.184518
16.21,0.156504,-0.189136
16.22,0.154591,-0.193334
16.23,0.152639,-0.197113
16.24,0.15065,-0.200475
16.25,0.148631,-0.203421
16.26,0.146583,-0.205955
16.27,0.144513,-0.208079
16.28,0.142423,-0.209796
16.29,0.140318,-0.211112
16.3,0.138202,-0.212031
16.31,0.136079,-0.212558
16.32,0.133952,-0.2127
16.33,0.131826,-0.212462
16.34,0.129704,-0.211851
16.35,0.12759,-0.210875
16.36,0.125488,-0.209542
16.37,0.123401,-0.20786
16.38,0.121332,-0.205838
16.39,0.119285,-0.203486
16.4,0.117263,-0.200812
16.41,0.11527,-0.197827
16.42,0.113308,-0.194542
16.43,0.11138,-0.190967
16.44,0.109489,-0.187114
16.45,0.107639,-0.182995
16.46,0.10583,-0.178621
16.47,0.104067,-0.174006
16.48,0.102351,-0.16916
16.49,0.100684,-0.164098
16.5,0.0990697,-0.158833
16.51,0.0975085,-0.153378
16.52,0.0960027,-0.147747
16.53,0.0945541,-0.141953
16.54,0.0931641,-0.136011
16.55,0.0918343,-0.129935
16.56,0.0905658,-0.12374
16.57,0.0893598,-0.117439
16.58,0.0882173,-0.111048
16.59,0.0871391,-0.104581
16.6,0.0861259,-0.0980539
16.61,0.0851782,-0.0914802
16.62,0.0842964,-0.0848755
16.63,0.0834808,-0.0782545
16.64,0.0827313,-0.071632
16.65,0.0820481,-0.065023
16.66,0.0814308,-0.0584422
16.67,0.0808791,-0.0519043
16.68,0.0803925,-0.0454239
16.69,0.0799704,-0.0390155
16.7,0.0796119,-0.0326933
16.71,0.0793162,-0.0264717
16.72,0.0790821,-0.0203646
16.73,0.0789084,-0.0143858
16.74,0.0787939,-0.00854891
16.75,0.078737,-0.00286723
16.76,0.078736,0.00264612
16.77,0.0787893,0.00797833
16.78,0.0788949,0.0131169
16.79,0.0790509,0.0180495
16.8,0.0792552,0.0227644
16.81,0.0795054,0.02725
16.82,0.0797994,0.0314952
16.83,0.0801345,0.035489
16.84,0.0805083,0.0392212
16.85,0.080918,0.0426817
16.86,0.081361,0.0458609
16.87,0.0818343,0.0487498
16.88,0.082335,0.0513395
16.89,0.08286,0.0536219
16.9,0.0834064,0.0555892
16.91,0.0839708,0.0572342
16.92,0.08455,0.0585501
16.93,0.0851406,0.0595306
16.94,0.0857394,0.06017
16.95,0.0863429,0.060463
16.96,0.0869475,0.0604049
16.97,0.0875498,0.0599917
16.98,0.0881462,0.0592196
16.99,0.088733,0.0580857
17,0.0893067,0.0565874
17.01,0.0898635,0.0547229
17.02,0.0903999,0.0524907
17.03,0.0909121,0.0498902
17.04,0.0913965,0.0469209
17.05,0.0918493,0.0435834
17.06,0.0922669,0.0398786
17.07,0.0926456,0.0358079
17.08,0.0929819,0.0313735
17.09,0.0932719,0.026578
17.1,0.0935122,0.0214246
17.11,0.0936992,0.0159171
17.12,0.0938294,0.01006
17.13,0.0938993,0.00385804
17.14,0.0939054,-0.00268321
17.15,0.0938445,-0.00955773
17.16,0.0937132,-0.016759
17.17,0.0935083,-0.0242798
17.18,0.0932266,-0.0321126
17.19,0.092865,-0.0402492
17.2,0.0924206,-0.0486809
17.21,0.0918904,-0.0573987
17.22,0.0912717,-0.0663928
17.23,0.0905617,-0.0756531
17.24,0.0897578,-0.085169
17.25,0.0888575,-0.0949295
17.26,0.0878584,-0.104923
17.27,0.0867583,-0.115138
17.28,0.085555,-0.125562
17.29,0.0842464,-0.136181
17.3,0.0828307,-0.146984
17.31,0.0813061,-0.157957
17.32,0.0796711,-0.169085
17.33,0.077924,-0.180355
17.34,0.0760635,-0.191752
17.35,0.0740886,-0.203262
17.36,0.071998,-0.214869
17.37,0.0697909,-0.226558
17.38,0.0674666,-0.238314
17.39,0.0650245,-0.25012
17.4,0.0624641,-0.261962
17.41,0.0597852,-0.273823
17.42,0.0569876,-0.285686
17.43,0.0540715,-0.297535
17.44,0.051037,-0.309354
17.45,0.0478846,-0.321126
17.46,0.0446147,-0.332834
17.47,0.0412282,-0.344462
17.48,0.0377258,-0.355992
17.49,0.0341087,-0.367408
17.5,0.0303781,-0.378694
17.51,0.0265353,-0.389832
17.52,0.022582,-0.400805
17.53,0.0185198,-0.411598
17.54,0.0143507,-0.422193
17.55,0.0100766,-0.432575
17.56,0.00569994,-0.442726
17.57,0.00122295,-0.452631
17.58,-0.0033518,-0.462274
17.59,-0.0080216,-0.471639
17.6,-0.0127836,-0.48071
17.61,-0.0176348,-0.489473
17.62,-0.022572,-0.497912
17.63,-0.0275919,-0.506013
17.64,-0.0326911,-0.513761
17.65,-0.0378659,-0.521143
17.66,-0.0431127,-0.528144
17.67,-0.0484275,-0.534751
17.68,-0.0538063,-0.540951
17.69,-0.0592451,-0.546732
17.7,-0.0647395,-0.552082
17.71,-0.0702853,-0.556988
17.72,-0.0758778,-0.561439
17.73,-0.0815125,-0.565425
17.74,-0.0871847,-0.568936
17.75,-0.0928896,-0.57196
17.76,-0.0986222,-0.57449
17.77,-0.104378,-0.576516
17.78,-0.110151,-0.578031
17.79,-0.115937,-0.579025
17.8,-0.12173,-0.579493
17.81,-0.127525,-0.579427
17.82,-0.133316,-0.578822
17.83,-0.139099,-0.577673
17.84,-0.144868,-0.575973
17.85,-0.150617,-0.57372
17.86,-0.156341,-0.570909
17.87,-0.162033,-0.567538
17.88,-0.167689,-0.563605
17.89,-0.173303,-0.559107
17.9,-0.17887,-0.554043
17.91,-0.184382,-0.548414
17.92,-0.189836,-0.542219
17.93,-0.195225,-0.53546
17.94,-0.200543,-0.528138
17.95,-0.205786,-0.520254
17.96,-0.210947,-0.511813
17.97,-0.21602,-0.502817
17.98,-0.221001,-0.493271
17.99,-0.225884,-0.483179
18,-0.230663,-0.472547
18.01,-0.235333,-0.461381
18.02,-0.239889,-0.449687
18.03,-0.244325,-0.437474
18.04,-0.248637,-0.424749
18.05,-0.252818,-0.41152
18.06,-0.256865,-0.397798
18.07,-0.260773,-0.38359
18.08,-0.264536,-0.368909
18.09,-0.268149,-0.353765
18.1,-0.271609,-0.33817
18.11,-0.274911,-0.322135
18.12,-0.278051,-0.305674
18.13,-0.281023,-0.288799
18.14,-0.283825,-0.271525
18.15,-0.286453,-0.253865
18.16,-0.288901,-0.235835
18.17,-0.291168,-0.217449
18.18,-0.293249,-0.198723
18.19,-0.295141,-0.179673
18.2,-0.296842,-0.160316
18.21,-0.298347,-0.140668
18.22,-0.299654,-0.120748
18.23,-0.300761,-0.100573
18.24,-0.301665,-0.0801603
18.25,-0.302363,-0.059529
18.26,-0.302855,-0.0386976
18.27,-0.303137,-0.0176853
18.28,-0.303208,0.00348868
18.29,-0.303066,0.0248048
18.3,-0.302711,0.0462434
18.31,-0.302141,0.0677843
18.32,-0.301355,0.0894074
18.33,-0.300353,0.111092
18.34,-0.299133,0.132819
18.35,-0.297696,0.154566
18.36,-0.296042,0.176313
18.37,-0.29417,0.198039
18.38,-0.292081,0.219724
18.39,-0.289776,0.241346
18.4,-0.287255,0.262884
18.41,-0.284519,0.284319
18.42,-0.281569,0.305629
18.43,-0.278407,0.326792
18.44,-0.275034,0.34779
18.45,-0.271451,0.3686
18.46,-0.267662,0.389203
18.47,-0.263668,0.409578
18.48,-0.259472,0.429705
18.49,-0.255075,0.449564
18.5,-0.250481,0.469137
18.51,-0.245693,0.488402
18.52,-0.240714,0.507342
18.53,-0.235548,0.525936
18.54,-0.230197,0.544168
18.55,-0.224665,0.562018
18.56,-0.218958,0.579468
18.57,-0.213077,0.596502
18.58,-0.207029,0.613101
18.59,-0.200817,0.62925
18.6,-0.194446,0.644932
18.61,-0.18792,0.660132
18.62,-0.181245,0.674833
18.63,-0.174425,0.689021
18.64,-0.167466,0.702683
18.65,-0.160373,0.715803
18.66,-0.153152,0.728369
18.67,-0.145808,0.740367
18.68,-0.138346,0.751787
18.69,-0.130774,0.762616
18.7,-0.123096,0.772843
18.71,-0.115319,0.782457
18.72,-0.107449,0.79145
18.73,-0.0994922,0.799812
18.74,-0.0914549,0.807534
18.75,-0.0833436,0.814608
18.76,-0.0751649,0.821028
18.77,-0.0669253,0.826786
18.78,-0.0586314,0.831877
18.79,-0.05029,0.836296
18.8,-0.0419078,0.840038
18.81,-0.0334915,0.843099
18.82,-0.0250481,0.845476
18.83,-0.0165843,0.847167
18.84,-0.00810702,0.84817
18.85,0.000376824,0.848484
18.86,0.00886036,0.848109
18.87,0.0173367,0.847045
18.88,0.025799,0.845293
18.89,0.0342403,0.842854
18.9,0.0426538,0.839733
18.91,0.0510327,0.835931
18.92,0.0593701,0.831452
18.93,0.0676595,0.826301
18.94,0.0758939,0.820484
18.95,0.0840669,0.814006
18.96,0.0921719,0.806874
18.97,0.100202,0.799095
18.98,0.108152,0.790677
18.99,0.116014,0.781629
19,0.123782,0.771959
19.01,0.131451,0.761678
19.02,0.139014,0.750796
19.03,0.146465,0.739325
19.04,0.153798,0.727275
19.05,0.161008,0.71466
19.06,0.16809,0.701491
19.07,0.175036,0.687782
19.08,0.181844,0.673548
19.09,0.188506,0.658801
19.1,0.195018,0.643559
19.11,0.201375,0.627834
19.12,0.207573,0.611645
19.13,0.213607,0.595006
19.14,0.219472,0.577935
19.15,0.225164,0.560448
19.16,0.230679,0.542564
19.17,0.236014,0.524299
19.18,0.241164,0.505673
19.19,0.246126,0.486704
19.2,0.250897,0.46741
19.21,0.255473,0.447812
19.22,0.259852,0.427928
19.23,0.264031,0.407778
19.24,0.268007,0.387382
19.25,0.271778,0.36676
19.26,0.275342,0.345932
19.27,0.278696,0.324919
19.28,0.281839,0.303741
19.29,0.28477,0.28242
19.3,0.287487,0.260975
19.31,0.28999,0.239428
19.32,0.292276,0.2178
19.33,0.294345,0.196111
19.34,0.296198,0.174382
19.35,0.297833,0.152634
19.36,0.299251,0.130888
19.37,0.300451,0.109164
19.38,0.301434,0.087484
19.39,0.302201,0.0658674
19.4,0.302752,0.0443348
19.41,0.303088,0.0229063
19.42,0.30321,0.00160195
19.43,0.30312,-0.0195585
19.44,0.302819,-0.0405555
19.45,0.30231,-0.0613698
19.46,0.301593,-0.0819825
19.47,0.300671,-0.102375
19.48,0.299546,-0.122528
19.49,0.298221,-0.142425
19.5,0.296698,-0.162047
19.51,0.294981,-0.181377
19.52,0.293072,-0.200399
19.53,0.290974,-0.219096
19.54,0.288691,-0.237451
19.55,0.286226,-0.255449
19.56,0.283583,-0.273075
19.57,0.280766,-0.290315
19.58,0.277778,-0.307153
19.59,0.274624,-0.323577
19.6,0.271308,-0.339573
19.61,0.267834,-0.355129
19.62,0.264207,-0.370232
19.63,0.260431,-0.384872
19.64,0.256511,-0.399036
19.65,0.252452,-0.412715
19.66,0.248259,-0.4259
19.67,0.243936,-0.43858
19.68,0.239489,-0.450747
19.69,0.234923,-0.462394
19.7,0.230243,-0.473513
19.71,0.225454,-0.484097
19.72,0.220563,-0.494141
19.73,0.215573,-0.503638
19.74,0.210492,-0.512585
19.75,0.205323,-0.520977
19.76,0.200074,-0.528811
19.77,0.194749,-0.536083
19.78,0.189354,-0.542793
19.79,0.183895,-0.548937
19.8,0.178377,-0.554516
19.81,0.172807,-0.559529
19.82,0.167189,-0.563977
19.83,0.161529,-0.567861
19.84,0.155833,-0.571182
19.85,0.150107,-0.573943
19.86,0.144356,-0.576147
19.87,0.138586,-0.577797
19.88,0.132802,-0.578898
19.89,0.12701,-0.579455
19.9,0.121215,-0.579473
19.91,0.115422,-0.578958
19.92,0.109638,-0.577917
19.93,0.103866,-0.576357
19.94,0.0981121,-0.574286
19.95,0.0923817,-0.571712
19.96,0.0866795,-0.568643
19.97,0.0810104,-0.56509
19.98,0.0753793,-0.561063
19.99,0.0697907,-0.55657
20,0.0642494,-0.551624
